fold,train_days,test_days,RMSE,MAE,R2
1,121,121,25.978280018408526,19.022037506103516,0.7270208597183228
2,242,121,14.897222252318079,10.757579803466797,0.8734835386276245
3,363,121,13.542569894256419,9.835996627807617,0.9144966006278992
4,484,121,13.660847114893146,9.123806953430176,0.9215492010116577
5,605,121,10.831388171723997,7.681722640991211,0.9418913125991821
