model,RMSE,MAE,R2
XGBoost_tuned,10.273783561186667,7.289409160614014,0.945907711982727
HistGradientBoosting,23.14842889056667,17.32859620192071,0.7253892852252799
RandomForest,27.515670452098067,20.04635,0.6119973992037719
Ridge,32.6916655397737,25.35636111826158,0.4522926964768714
